Number,Measurements at 3+ time points?,Author,Study Title,Participants (training status),N,Age,Sex,Program Label,Program Details,Length (weeks),Intensity Closest to 1RM test,Volume Equated?,LBM Pre,LBM SD,LBM post,% increase,ES pre/post,"ES 1 vs. 2, 2 vs. 3",ES 1 vs 3,MT Pre,MT SD,MT Post,% increase,ES pre/post,"ES 1 vs. 2, 2 vs. 3",ES 1 vs 3,CSA pre,CSA SD,CSA post,% increase,ES pre/post,"ES 1 vs. 2, 2 vs. 3",ES 1 vs 3,BF% pre,BF% SD,BF% post,% increase,ES pre/post,"ES 1 vs. 2, 2 vs. 3",ES 1 vs 3,Fiber CSA pre,Fiber CSA SA,Fiber CSA post,% increase,ES pre/post,"ES 1 vs. 2, 2 vs. 3",ES 1 vs 3,Squat pre,Squat SD,Squat post,% increase,ES pre/post,ES 1 vs. 2/2 vs. 3,ES 1 vs. 3,Bench Pre,Bench SD,Bench post,% increase,ES pre/post,ES 1 vs. 2/2 vs. 3,ES 1 vs. 3,Leg press pre,Leg press SD,Leg press post,% increase,ES pre/post,ES 1 vs. 2/2 vs. 3,ES 1 vs. 3,Other 1 pre,Other 1 SD,Other 1 post,% increase,ES pre/post,ES 1 vs. 2/2 vs. 3,ES 1 vs. 3,Other 2 pre,Other 2 SD,Other 2 post,% increase,ES pre/post,ES 1 vs. 2/2 vs. 3,ES 1 vs. 3,Issues
1,Yes,Willoughby,The Effects of Mesocycle-Length Weight Training Programs Involving Periodization and Partially Equated Volumes on Upper and Lower Body Strength,Trained (1.2xbw bench and 1.5x bodyweight back squat),23,20.3+/-1.87,M,NP,"5x10RM (78.9%); weights kept constant each 4 weeks, and recalculated after 1RM testing",16,78.90%,Yes w/ group 2. Yes through week 8 w/ group 3,,,,,,,,,,,,,,,,,,,,,,,,,,,,,,,,,,,,1.48,0.105,1.74,0.17567568,2.47619048,,,1.28,0.002,1.41,0.1015625,65,,,,,,,,,,,,,,,,,,,,,,,,Squat pre-training mean (1.48) impossible based on inclusion criteria (1.5); relative strength not absolute; no tables so all numbers are estimates. Reported bench SDs (0.002 and 0.014) are impossible)
,,,,,23,20.3+/-1.87,M,NP,"6x8RM (83.3%); weights kept constant each 4 weeks, and recalculated after 1RM testing",16,83.30%,yes w/ group 1. Yes through week 8 w/ group 3,,,,,,,,,,,,,,,,,,,,,,,,,,,,,,,,,,,,1.48,0.105,1.89,0.27702703,3.9047619,1.42857143,,1.28,0.002,1.43,0.1171875,75,10,,,,,,,,,,,,,,,,,,,,,,,Subjects detrained for 6+ months before starting the study; need to go back and do correctly in webplotdigitizer
,,,,,23,20.3+/-1.87,M,LP/BP,"5x10RM for 4 weeks, 4x8RM for 4 weeks, 3x6RM for 4 weeks, 3x4RM for for 4 weeks",16,92.40%,"Yes through week 8, then lower (volume load)",,,,,,,,,,,,,,,,,,,,,,,,,,,,,,,,,,,,1.48,0.105,2.02,0.36486486,5.14285714,1.23809524,2.66666667,1.28,0.002,1.6,0.25,160,85,95,,,,,,,,,,,,,,,,,,,,,,"Supposed to mimic group 2 from weeks 5-8, but says they lifted 4x8RM vs. 6x8RM; however, reported training volume was the same. Typo?"
2,Yes,Kramer,"Effects of Single vs. Multiple Sets of Weight Training: Impact of Volume, Intensity, and Variation",Moderately trained (at least 1x bodyweight squat with good form),14,20.3+/-1.9,M,NP,"3x10RM Monday, 3x10RM -10% Friday",15,10RM,Higher (volume load),66.5,7.5,67.6,0.016541353,0.146666667,,,,,,,,,,,,,,,,,13.1,3.9,13.3,0.01526718,0.05128205,,,,,,,,,,98.5,27.7,123.7,0.25583756,0.90974729,,,,,,,,,,,,,,,,,,,,,,,,,,,,,,,Also single set non-periodized group (excluded from analysis)
,,,,,13,20.3+/-1.9,M,LP/BP,4-5 week blocks working from 10RM to 2-3RM loads,15,2RM,"Lower (volume load), and weeks 1, 7, and 11 were single set",68.9,8,68.9,0,0,-0.14186169,,,,,,,,,,,,,,,,15.6,4.9,15.8,0.01282051,0.04081633,0,,,,,,,,,111.2,25.6,135.7,0.22032374,0.95703125,-0.0262461,,,,,,,,,,,,,,,,,,,,,,,,,,,,,,Single set training to start every block with periodized group; relatively substantial pre-training strength differences (~13kg and 0.9xbw)
3,No,Stone,Comparison of the Effects of Three Different Weight-Training Programs on the One Reptition Maximum Squat,Trained (110kg squat and 1.3x bodyweight squat minimum),5,,M,NP,5x6RM for main lifts and 3x8RM for assistance lifts the whole time,12,6RM,"Highest volume load, but similar to group 2 in total reps",,,,,,,,,,,,,,,,,,,,,,,,,,,,,,,,,,,,141.4,28.1,155.4,0.0990099,0.49822064,,,,,,,,,,,,,,,,,,,,,,,,,,,,,,,"Low N for all 3 groups, and unbalanced"
,,,,,9,,M,LP/BP,"4 weeks of 5x10/3x10, 4 weeks of 5x5/3x8, 3 weeks of 3x3 with a dropback x10/3x6, 1 week of 3x3/3x6",12,3rm,"similar to group 3 in volume load, but 100 more reps",,,,,,,,,,,,,,,,,,,,,,,,,,,,,,,,,,,,124.8,12,143.3,0.14823718,1.54166667,0.20827865,,,,,,,,,,,,,,,,,,,,,,,,,,,,,,Big differences in pre-training strength
,,,,,7,,M,LP/BP,"Supposedly overreaching on weeks 1 and 9 (though I don't really see it). Honestly pretty similar to group 2, but with more weeks with 3 work sets and one backoff set vs. 5 work sets",12,Cluster sets of 3 singles (maybe 2rm?),"Similar to group 2 in volume load, but 100 fewer reps",,,,,,,,,,,,,,,,,,,,,,,,,,,,,,,,,,,,132.8,17,153.3,0.15436747,1.20588235,0.13592553,0.27989564,,,,,,,,,,,,,,,,,,,,,,,,,,,,,Unclear how this was supposed to cause overreach
4,yes,O'Bryant,Cycle Ergometer Performance and Maximum Leg and Hip Strength Adaptations to Two Different Methods of Weight Training,Untrained,44,19.1+/-0.2,M,NP,3x6RM,11,6rm,,,,,,,,,,,,,,,,,,,,,,,,,,,,,,,,,,,,,100.8,2.7,131.6,0.30555556,11.4074074,,,,,,,,,,,,,,,,,,,,,,,,,,,,,,,Values not reported; go back and do correctly in webplot digitizer
,,,,,46,19.1+/-0.2,M,LP/BP,"4 weeks of 5x10RM, 4 weeks of 3x5RM with dropback set of 10, 3 weeks of 3x2RM with dropback set of 10",11,2rm,Volume load and total sets higher,,,,,,,,,,,,,,,,,,,,,,,,,,,,,,,,,,,,101.8,3.3,141,0.38506876,11.8787879,2.78610413,,,,,,,,,,,,,,,,,,,,,,,,,,,,,,Values not reported
5,Yes,Herrick,The effects of Periodization Versus Progressive Resistance Exercise on Upper and Lower Body Strength in Women,Untrained,10,24.1+/-5.6,F,NP,3x6RM,15,6rm,,,,,,,,,,,,,,,,,,,,,,,,,,,,,,,,,,,,,48,16,70.2,0.4625,1.3875,,,31.4,6.2,39.3,0.251592357,1.274193548,,,,,,,,,,,,,,,,,,,,,,,,
,,,,,10,20.7+/-2.2,F,LP/BP,"8 weeks of 3x10, 2 weeks of 3x4, 2 weeks of 3x2 with one week of active rest between cycles",15,2rm,volume loads similar; more total sets of NP due to the weeks of active rest in PER,,,,,,,,,,,,,,,,,,,,,,,,,,,,,,,,,,,,44.1,21.9,67.7,0.53514739,1.07762557,0.07299939,,29.5,5,38.9,0.318644068,1.88,0.266332809,,,,,,,,,,,,,,,,,,,,,,,Several weeks of active rest
6,No,Eifler,Short-term effects of different loading schemes in fitness-related resistance training,average 5+ years of recreational resistance training,50,36.06+/-10.91,50/50,NP,3X10,6,10rm,yes,,,,,,,,,,,,,,,,,,,,,,,,,,,,,,,,,,,,,,,,,,,,,,,,,,,,,,,,,,,,15.26,0.4,,,,,,,,,,Over 300 subjects; somewhat unclear how the 200 chosen for analysis were picked (I think chosen randomly from the people who completed the study)
,,,,,50,29.9+/-9.55,50/50,LP/BP,"2 weeks 3x15, 2 weeks 3x10, 2 weeks 3x5",6,5rm,,,,,,,,,,,,,,,,,,,,,,,,,,,,,,,,,,,,,,,,,,,,,,,,,,,,,,,,,,,,,18.49,0.52,,,,,,,,,,Training and testing took place with a variety of trainers and facilities
,,,,,50,31.74+/-10.77,50/50,RLP/BP,"2 weeks 3x5, 2 weeks 3x10, 2 weeks 3x15",6,15rm,,,,,,,,,,,,,,,,,,,,,,,,,,,,,,,,,,,,,,,,,,,,,,,,,,,,,,,,,,,,,18.9,0.52,,,,,,,,,,"Exercises: leg press, chest press, butterfly, lat pulldown, horizontal row, DB shoulder press, cable triceps pushdown, DB biceps curls"
,,,,,50,33.92+/-11.58,50/50,DUP,"3x15, 3x10, and 3x5 each week",6,5rm,,,,,,,,,,,,,,,,,,,,,,,,,,,,,,,,,,,,,,,,,,,,,,,,,,,,,,,,,,,,,28.18,0.69,,,,,,,,,,
7,no,McGee,Leg and Hip Endurance Adaptations to Three Weight-Training Programs,,,,,,,,,,,,,,,,,,,,,,,,,,,,,,,,,,,,,,,,,,,,,,,,,,,,,,,,,,,,,,,,,,,,,,,,,,,,,,,,"Only strength endurance; slightly larger increases for 3x10 vs. periodized (unsurprising, as fewer reps used near the ned of the program)"
8,no,Storer,"Effect of Supervised, Periodized Exercise Training vs. Self-Directed Training on Lean Body Mass and Other Fitness Variables in Health Club Members",,,,,,,,,,,,,,,,,,,,,,,,,,,,,,,,,,,,,,,,,,,,,,,,,,,,,,,,,,,,,,,,,,,,,,,,,,,,,,,,"Coached vs. not-coached. Too big of a confounder, and unsure that self-directed participants didn't periodized"
9,no,Ahmadizad,"Effects of short-term nonperiodized, linear periodized, and daily undulating periodized resistance training on plasma adiponectin, lepin, and insulin resistance",Sedentary,8,23.4+/-0.6,M,NP,"2x12 70% (for all groups, percentage-based based on same 1rm for first 6 weeks, then adjusted based on new 1RM on week 6)",8,70,"Roughly (sets the same, similar average intensities)",63.1015,,65.5018,0.038038715,can't calculate,,,,,,,,,,,,,,,,,25.5,2.1,23.3,-0.0862745,-1.047619,,,,,,,,,,,,,,,,,58.7,9.2,62.9,0.071550256,0.456521739,,,182.4,35.6,191.2,0.04824561,0.24719101,,,,,,,,,,,,,,,,,Health effects interesting as well
,,,,,8,23.4+/-0.6,M,LP,"2x18 1at 50% to 2x8 at 85%, increasing intensity and decreasing reps each week",8,85,,63.3654,,65.2632,0.029950099,can't calculate,can't calculate,,,,,,,,,,,,,,,,25.1,2.1,23.4,-0.0677291,-0.8095238,0.23809524,,,,,,,,,,,,,,,,62.2,10.1,70.8,0.138263666,0.851485149,0.455463603,,188.9,42.9,202.3,0.070937,0.31235431,0.11669396,,,,,,,,,,,,,,,,
,,,,,8,23.4+/-0.6,M,DUP,"2x16 at 55%, 2x12 at 70%, and 2x8 at 85% each week",8,85,,62.6102,,64.5816,0.031486882,can't calculate,can't calculate,can't calculate,,,,,,,,,,,,,,,26.2,2.2,24.2,-0.0763359,-0.9090909,-0.1394972,0.09299811,,,,,,,,,,,,,,,61.6,8.9,71.2,0.155844156,1.078651685,0.105053841,0.59660314,190.5,33.7,208,0.09186352,0.51928783,0.10628576,0.25098794,,,,,,,,,,,,,,,
10,Yes,Moraes,"Effects on Strength, Power, and Flexibility in Adolescents of Nonperiodized vs. Daily Nonlinear Periodized Weight Training",Untrained adolescents,14,15.5+/-0.9,M,NP,3x10-12RM; 1-2 min of rest,12,10-12RM,,,,,,,,,,,,,,,,,,,,,,,,,,,,,,,,,,,,,,,,,,,,40.6,6.1,48.3,0.189655172,1.262295082,,,231.4,39.3,435.7,0.88288678,5.19847328,,,,,,,,,,,,,,,,,
,,,,,14,15.4+/-1.1,M,DUP,3-10-20RM to 3-5RM; 2-3 min between sets on 3-5RM days,12,3-5RM,,,,,,,,,,,,,,,,,,,,,,,,,,,,,,,,,,,,,,,,,,,,43,4.5,58.3,0.355813953,3.4,1.417900577,,236.4,39.9,489.3,1.06979695,6.33834586,1.22723751,,,,,,,,,,,,,,,,
11,No,Pacobahyba,"Muscle strength, serum basal levels of testerosterone and urea in soccer athletes submitted to non-linear periodization program",,,,,,,,,,,,,,,,,,,,,,,,,,,,,,,,,,,,,,,,,,,,,,,,,,,,,,,,,,,,,,,,,,,,,,,,,,,,,,,,Article in Portuguese; no significant strength differences for 1RM bench and squat
12,Yes,Monteiro,Nonlinear Periodization Maximizes Strength Gains in Split Resistance Training Routines,Trained males (minimum 2 years of experience,9,26.6+/-2.2,M,NP,3x8-10RM,12,8-10RM,Roughly,68.9,4.4,66.8,-0.030478955,-0.477273,,,,,,,,,,,,,,,,,15.2,2.3,18.5,0.217105,1.434783,,,,,,,,,,,,,,,,,95.2,7,104.3,0.095588235,1.3,,,297.3,21.4,323.6,0.08846283,1.22897196,,,,,,,,,,,,,,,,,Additional training day added in block 3; not technically non-periodized
,,,,,9,27.6+/-2.7,M,LP/BP,"3 weeks 3x12-15RM, 3 weeks 3x8-10RM, 3 weeks 3x4-5RM, 3 weeks 3x12, 8, 4RM",12,4RM,Roughly,69.5,2.4,70.3,0.011510791,0.3333333,0.8182823,,,,,,,,,,,,,,,,13.9,1.8,12.9,-0.07194,-0.55556,-2.08214,,,,,,,,,,,,,,,,95.7,10.3,102.9,0.07523511,0.699029126,-0.215762865,,319,26.4,365.2,0.14482759,1.75,0.82811781,,,,,,,,,,,,,,,,Estimates from bar charts via webplotdigitizer
,,,,,9,28.1+/-2.9,M,DUP,"Alternate 3x12-15RM and 3x8-10RM 3 weeks, then 4x4-5RM and 3x12-15RM, then 3x8-10RM and 4x4-5RM, then 3x12, 8, 4RM",12,4RM,Roughly,70.3,5.3,70.5,0.00284495,0.0377358,-0.145843,0.4721986,,,,,,,,,,,,,,,14.3,2.1,13.2,-0.07692,-0.52381,-0.05113,-1.99794,,,,,,,,,,,,,,,97.7,6.1,125.5,0.284544524,4.557377049,2.433655623,2.848247874,312.7,21.5,449.7,0.4381196,6.37209302,3.77154928,5.16082514,,,,,,,,,,,,,,,Additional training day added in block 3; not technically non-periodized
13,No,DeBeliso,A comparison of periodised and fixed repetition training protocol on strength in older adults,Untrained older adults,13,71.2+/-5.4,M/F,NP,3x9RM,18,9RM,Yes,,,,,,,,,,,,,,,,,,,,,,,,,,,,,,,,,,,,,,,,,,,,,,,,,,,,,,,,,52,25,83,0.59615385,1.24,,,32,3,44,0.375,4,,,Relatively low adherence (72% for non-periodized and 81% for periodized)
,,,,,17,70.2+/-4.4,M/F,LP/BP,"2x15RM for 6 weeks, 3x9RM for 6 weeks, 4x6RM for 6 weeks",18,6RM,Yes (reps and sets; volume load likely similar),,,,,,,,,,,,,,,,,,,,,,,,,,,,,,,,,,,,,,,,,,,,,,,,,,,,,,,,,45,21,78,0.73333333,1.57142857,0.08662962,,28,4,40,0.42857143,3,0,,Average upper and lower body strength changes (lots of machine exercises)
14,Yes,Kraemer,Physiological Changes with Periodized Resistance Training in Women Tennis Players,"Female tennis players ""not currently involved in resistance training""",10,18.6+/-1.3,F,NP,8-10RM loads,32,8-10RM,Yes,46.1,4,47.7,0.034707158,0.4,,,,,,,,,,,,,,,,,23.7,4.9,21.6,-0.0886076,-0.4285714,,,,,,,,,,,,,,,,,34.5,6.2,40.6,0.176811594,0.983870968,,,150.3,19.7,180.7,0.20226214,1.54314721,,,25.3,4.6,31,0.22529644,1.23913043,,,,,,,,,,"Shoulder press was the ""other"""
,,,,,9,19.2+/-1.1,F,DUP,"4-6RM Monday, 8-10RM Wednesday, 12-15RM Friday",32,4-6RM,Yes,46.5,4.9,49.8,0.070967742,0.673469388,0.380084049,,,,,,,,,,,,,,,,22.9,3.9,19.1,-0.1659389,-0.974359,-0.3838929,,,,,,,,,,,,,,,,36.6,8.7,45.3,0.237704918,1,0.344182225,,158.4,34.5,193.8,0.22348485,1.02608696,0.17798554,,27.5,6.9,34.1,0.24,0.95652174,0.15348219,,,,,,,,,"Big advantage of periodized initially, decreasing over time"
15,No,Souza,Early Adaptations to Six Weeks of Non-Periodized and Periodized Strength Training Regimes in Recreational Males,Recreationally active males; not engaged in lifting for the 6 months prior to the study,9,25+/-7.7,M,NP,8RM,6,8RM,Yes,,,,,,,,,,,,,,,6007.3,1062.3,7472.5,0.243903251,1.379271392,,,,,,,,,,,,,,,,,140.8,23.2,164.5,0.16832386,1.02155172,,,,,,,,,,,,,,,,,,,,,,,,,,,,,,,
,,,,,9,26.2+/-7.3,M,LP/BP,"12RM first 4 weeks, 8RM last 2 weeks",6,8RM,Yes,,,,,,,,,,,,,,,5641,842.5,6996.3,0.240258819,1.608664688,-0.114632026,,,,,,,,,,,,,,,,140.8,19.3,152.9,0.0859375,0.62694301,-0.5435984,,,,,,,,,,,,,,,,,,,,,,,,,,,,,,
,,,,,8,23.8+/-4.3,M,DUP,"12RM and 8RM first 4 weeks, 10RM and 6RM last 2 weeks",6,6RM,Yes,,,,,,,,,,,,,,,5348,1721.6,6886.4,0.287658938,0.893587361,0.135098566,0.051172624,,,,,,,,,,,,,,,149.1,34.7,167.3,0.12206573,0.52449568,0.21726353,-0.1863427,,,,,,,,,,,,,,,,,,,,,,,,,,,,,
16,Yes,Hoffman,Comparison Between Different Off-Season Resistance Training Programs in Division III American College Football Players,Trained,17,19.9+/-1.3,M,NP,4-5x6-8RM,15,6-8RM,Seems like it,,,,,,,,,,,,,,,,,,,,,,,,,,,,,,,,,,,,161.8,16.6,194.8,0.2039555,1.98795181,,,125.9,12.2,136.8,0.086576648,0.893442623,,,,,,,,,,,,,,,,,,,,,,,,Group sizes somewhat unclear (51 people total)
,,,,,17,19.5+/-1.1,M,LP/BP,"4x9-12RM for 4 weeks, 4x6-8 for 6 weeks, 5x3-5RM for 4 weeks",15,3-5RM,Seems like it,,,,,,,,,,,,,,,,,,,,,,,,,,,,,,,,,,,,149.5,25,180.5,0.20735786,1.24,-0.0942516,,118.5,18.3,127.7,0.077637131,0.50273224,-0.109310633,,,,,,,,,,,,,,,,,,,,,,,Subjective feelings about programs also provided (pretty similar)
,,,,,17,19.6+/-0.9,M,DUP,"4-5x9-12 2 days per week, and 4-5x3-5RM 2 days per week",15,3-5RM,Seems like it,,,,,,,,,,,,,,,,,,,,,,,,,,,,,,,,,,,,164.2,23.2,182.5,0.11144945,0.7887931,-0.5266039,-0.7287415,124,25,134.3,0.083064516,0.412,0.050210778,-0.030502867,,,,,,,,,,,,,,,,,,,,,,
17,Yes,Marx,Low-volume circuit versus high-volume periodized resistance training in women,,,,,,,,,,,,,,,,,,,,,,,,,,,,,,,,,,,,,,,,,,,,,,,,,,,,,,,,,,,,,,,,,,,,,,,,,,,,,,,,Not applicable at all. Apples to oranges
18,Yes,Prestes,Comparison Between Linear and Daily Undulating Periodized Resistance Training to Increase Strength,Minimum of one year of training,20,22.3+/-7.5,M,LP/BP,"3x12RM W1, 3x10RM W2, 3x8RM W3, 3x6RM W4, repeated 3x",12,6RM,yes,,,,,,,,,,,,,,,,,,,,,,,,,,,,,,,,,,,,,,,,,,,82.4,4.74,97.4,0.182038835,3.164556962,,,265,17.33,330.5,0.24716981,3.77957299,,,43.1,1.92,49.2,0.14153132,3.17708333,,,,,,,,,,"DUP group considerably weaker on leg press initially; ""other"" is biceps curl"
,,,,,20,21.2+/-9.2,M,DUP,"Odd weeks alternating between 3-12RM and 3x10RM, Even weeks alternating between 3x8RM and 3x6RM",12,6RM,yes,,,,,,,,,,,,,,,,,,,,,,,,,,,,,,,,,,,,,,,,,,,89.3,4.04,111.7,0.250839866,5.544554455,1.680317329,,229,8.35,322,0.40611354,11.1377246,2.02169979,,42.5,2.89,52.5,0.23529412,3.46020761,1.58962036,,,,,,,,,SDs all suspiciously low (so effect sizes suspiciously large)
19,Yes,Kok,Enhancing Muscular Qualities in Untrained Women: Linear versus Undulating Periodization,Untrained (recreationally active),10,19.6+/-1.6,F,LP/BP/WUP?,https://www.dropbox.com/s/rg4etbinsq492qc/Screenshot%202017-06-19%2006.03.29.jpg?dl=0,12,40%,Roughly,,,,,,,,,,,,,,,5.54,0.65,6.02,0.086642599,0.738461538,,,,,,,,,,,,,,,,,99.9,16,134.7,0.34834835,2.175,,,40,7.9,48.7,0.2175,1.101265823,,,,,,,,,,,,,,,,,,,,,,,,"Limb girths also reported, favoring DUP"
,,,,,10,19.9+/-2.3,F,DUP/LP,,12,90%,Maybe slightly higher for Group 1,,,,,,,,,,,,,,,5.01,1.01,5.75,0.147704591,0.732673267,0.30613669,,,,,,,,,,,,,,,,94.2,21.2,133,0.4118896,1.83018868,0.212983,,36.7,11.8,47.1,0.283378747,0.881355932,0.169303059,,,,,,,,,,,,,,,,,,,,,,,Massive deload at the end of LP is a confounder (muscle CSA higher after 9 weeks than 12)
20,No,Hartmann,Effects of Different Periodization Models on Rate of Force Development and Power Ability of the Upper Extremity,"Trained (initial criteria was 1rm bench of 100kg+; unable to recruit enough, so went down to 60kg – average pre-training 1RM around 1.2xbw)",13,24.3+/-3.2,M,LP/BP,"5x8-12RM weeks 1-10, 5x3-5RM weeks 11-14",14,3-5RM,By sets,,,,,,,,,,,,,,,,,,,,,,,,,,,,,,,,,,,,,,,,,,,96.54,20.91,109.42,0.133416201,0.615973219,,,,,,,,,,,,,,,,,,,,,,,,Average intensity not equated
,,,,,14,25.1+/-4,M,DUP,"5x3-5RM, 8-12RM, and 20-25RM each week",14,3-5RM,Average intensity higher for LP,,,,,,,,,,,,,,,,,,,,,,,,,,,,,,,,,,,,,,,,,,,95.89,17.45,105.36,0.098758995,0.54269341,-0.177070527,,,,,,,,,,,,,,,,,,,,,,,
21,No,Peterson,Undulation Training for Development of Hierarchical Fitness and Improved Firefighter Job Performance,Moderately Trained,7,21.6,M,LP/BP,https://www.dropbox.com/s/8o5688ervbwml71/Screenshot%202017-06-19%2006.27.31.jpg?dl=0,9,90-100% 1RM,I think,,,,,,,,,,,,,,,,,,,,,,,,,,,,,,,,,,,,119.07,15.56,139.1,0.16822037,1.28727506,,,99.46,23.44,108.11,0.086969636,0.369027304,,,,,,,,,,,,,,,,,,,,,,,,"Details of training program left out; Chest, leg, and arm circumferences included"
,,,,,7,22.1,M,DUP,,9,I assume 75% 1RM: https://www.dropbox.com/s/jz3xg2aavuk94r8/Screenshot%202017-06-19%2006.29.59.jpg?dl=0,,,,,,,,,,,,,,,,,,,,,,,,,,,,,,,,,,,,,135.76,31.19,163.62,0.20521509,0.89323501,0.31768827,,102.38,27.85,119.55,0.167708537,0.616517056,0.331007215,,,,,,,,,,,,,,,,,,,,,,,Higher pre-training squat for DUP group
22,Yes,Buford,A Comparison of Periodization Models During Nine Weeks With Equated Volume and Intensity for Strength,"Basically untrained (at least 4 weeks of experience; some with perior experience, but not in the prior 2 months)",9,22.7+/-3.6,M/F,LP/BP,"3x8 W1-3, 3x6W 4-6, 3x4 W7-9",9,90%,yes,,,,,,,,,,,,,,,,,,,,,,24.9,9.27,23.65,-0.0502008,-0.1348436,,,,,,,,,,,,,,,,,131.11,52.07,162.78,0.241552895,0.608219704,,,370,116.3,685.56,0.85286486,2.7133276,,,,,,,,,,,,,,,,,DUP group strongest to start with
,,,,,9,23.9+/-5.1,M/F,WUP,"3x8 W 1, 4, 7, 3x6 W 2, 5, 8, 3x4 W 3, 6, 9",9,90%,,,,,,,,,,,,,,,,,,,,,,,21.57,11.24,20.74,-0.0384794,-0.0738434,0.04076801,,,,,,,,,,,,,,,,145,40.85,180.56,0.245241379,0.870501836,0.083124142,,355.56,89.32,710,0.99685004,3.96820421,0.3749593,,,,,,,,,,,,,,,,Session RPEs also reported
,,,,,10,20.1+/-1.5,M/F,DUP,"3x8, 3x6, 3x4 each week",9,90%,,,,,,,,,,,,,,,,,,,,,,,21.09,7.53,19.69,-0.0663822,-0.185923,-0.0595825,-0.0177621,,,,,,,,,,,,,,,154.5,74.18,181.5,0.174757282,0.363979509,-0.142950916,-0.072871156,399.5,139.77,715,0.78973717,2.25727982,-0.3319987,-0.0004667,,,,,,,,,,,,,,,Chest and thigh circumferences reported; % strength increases larger for women
23,No,Rhea,A Comparison of Linear and Daily Undulating Periodized Programs with Equated Volume and Intensity for Local Muscular Endurance,At least one year of experience,20,21+/-2.4,M/F,LP/BP,"5 weeks 25RM, 5 weeks 20RM, 5 weeks 15RM",15,15RM,yes,,,,,,,,,,,,,,,,,,,,,,,,,,,,,,,,,,,,,,,,,,,,,,,,,,,,,,,,,78.8,16.5,85.1,0.07994924,0.38181818,,,,,,,,,,Leg circumference also reported
,,,,,20,22+/-1.6,M/F,RLP/BP,Opposite group 1,15,25RM,,,,,,,,,,,,,,,,,,,,,,,,,,,,,,,,,,,,,,,,,,,,,,,,,,,,,,,,,,73.2,24.3,76.6,0.04644809,0.1399177,-0.1396282,,,,,,,,,
,,,,,20,21+/-1.9,M/F,DUP,"15RM, 20RM, and 25RM all in same week",15,15RM,,,,,,,,,,,,,,,,,,,,,,,,,,,,,,,,,,,,,,,,,,,,,,,,,,,,,,,,,,74.5,19,80.7,0.08322148,0.32631579,0.12837218,-0.0056199,,,,,,,,
24,No,Hoffman,Comparison Between Linear and Nonlinear In-Season training Programs in Freshman Football Players,1-3 years of prior training experience,14,,M,NP,80% 1RM,12,80%,Pretty much,,,,,,,,,,,,,,,,,,,,,,,,,,,,,,,,,,,,142.8,29.7,157.2,0.10084034,0.48484848,,,121,16.7,123.9,0.023966942,0.173652695,,,,,,,,,,,,,,,,,,,,,,,,In-season football – players could choose different loads if beat up from games. Big confounder
,,,,,14,,M,DUP,"70% one day, 90% the other",12,90%,,,,,,,,,,,,,,,,,,,,,,,,,,,,,,,,,,,,,157.2,24.7,158.7,0.00954198,0.06072874,-0.4722741,,115.9,18.2,114.5,-0.012079379,-0.076923077,-0.246191052,,,,,,,,,,,,,,,,,,,,,,,
25,Yes,Rhea,A Comparison of Linear and Daily Undulating Peridized Programs with Equate Volume and Intensity for Strength,average 5+ years of experience,10,21.2+/-3.1,M,LP/BP,"4 weeks 8RM, 4 weeks 6RM, 4 weeks 4RM",12,4RM,Yes,,,,,,,,,,,,,,,,,,,,,,,,,,,,,,,,,,,,,,,,,,,83.41,12.86,94.55,0.133557127,0.866251944,,,266.82,55.38,331.36,0.24188592,1.16540267,,,,,,,,,,,,,,,,,LP group stronger initially
,,,,,10,20.2+/-2.4,M,DUP,"8RM, 6RM, and 4RM each week",12,4RM,,,,,,,,,,,,,,,,,,,,,,,,,,,,,,,,,,,,,,,,,,,,66.59,19.23,83.41,0.252590479,0.874674987,0.347229359,,230.23,65.05,350.23,0.52121791,1.84473482,0.91807812,,,,,,,,,,,,,,,,
26,No,Schiotz,"The Short-Term Effects of Periodized and Constant-Intensity Training on Body Composition, Strength, and Performance",ROTC physical conditioning experience,8,21.2+/-1.8,M,NP,4x6 the whole time,10,6RM,"Yes, roughly",67.2,3,67.5,0.004464286,0.1,,,,,,,,,,,,,,,,,12.8,2.7,12.2,-0.046875,-0.2222222,,,,,,,,,,96.3,9.6,109.4,0.13603323,1.36458333,,,80.9,7.6,85.7,0.059332509,0.631578947,,,,,,,,,,,,,,,,,,,,,,,,Also doing ROTC stuff
,,,,,6,24.1+/-1.3,M,LP,https://www.dropbox.com/s/aou2h53q1nz4wlt/Screenshot%202017-06-19%2007.22.53.jpg?dl=0,10,Triples and singles (105% of initial 1RM,,64.8,4.2,65.5,0.010802469,0.166666667,0.109599325,,,,,,,,,,,,,,,,12.6,2.1,11.1,-0.1190476,-0.7142857,-0.3721042,,,,,,,,,88.5,9.9,99.8,0.12768362,1.14141414,-0.1845935,,72.9,8.3,80.4,0.102880658,0.903614458,0.339293988,,,,,,,,,,,,,,,,,,,,,,,
27,No,Baker,Periodization: The Effect on Strength of Manipulating Volume and Intensity,Trained (min 6 months),9,19+/-1.1,M,NP,https://www.dropbox.com/s/n9mcqp6v3zh2cnm/Screenshot%202017-06-19%2007.34.09.jpg?dl=0,12,6RM,"Yes, roughly",71.26,5.58,73.57,0.032416503,0.413978495,,,,,,,,,,,,,,,,,,,,,,,,,,,,,,,115,21.21,143.61,0.24878261,1.34889203,,,84.16,11.99,94.44,0.122148289,0.857381151,,,,,,,,,,,,,,,,,,,,,,,,
,,,,,8,20.2+/-1.2,M,LP/BP,,12,3RM,,68.09,7.19,70,0.028051109,0.265646732,-0.06215479,,,,,,,,,,,,,,,,,,,,,,,,,,,,,,113.75,28.25,142.5,0.25274725,1.01769912,0.00560465,,82.5,12.53,91.87,0.113575758,0.747805267,-0.074207129,,,,,,,,,,,,,,,,,,,,,,,
,,,,,5,21.4+/-5,M,BP/WUP?,,12,3RM,,63.37,8.12,65.39,0.031876282,0.248768473,0.014343255,-0.04162638,,,,,,,,,,,,,,,,,,,,,,,,,,,,,107,30.33,143,0.3364486,1.18694362,0.24736887,0.28238078,78,11.09,90.5,0.16025641,1.127141569,0.264538478,0.192228255,,,,,,,,,,,,,,,,,,,,,,
28,Yes,Kraemer,Influence of Resistance Training Volume and Periodization on Physiological and Performance Adaptations in Collegiate Women Tennis Players,,,,,,,,,,,,,,,,,,,,,,,,,,,,,,,,,,,,,,,,,,,,,,,,,,,,,,,,,,,,,,,,,,,,,,,,,,,,,,,,Comparison group was single set
29,No,Bartolomei,A Comparison of Traditional and Block Periodized Training Programs on Trained Athletes,Trained (min 3 years),10,26.2+/-6,M,BP,https://www.dropbox.com/s/1d5vetjx3i1xugf/Screenshot%202017-06-19%2009.08.40.jpg?dl=0,15,55% (60% previous week),,,,,,,,,,,,,,,,,,,,,,,,,,,,,,,,,,,,,,,,,,,,102.2,20.1,110,0.076320939,0.388059701,,,,,,,,,,134.4,30.7,140.9,0.0483631,0.21172638,,,,,,,,,,Volume and intensity not equated
,,,,,14,24.2+/-3.1,M,LP/BP,https://www.dropbox.com/s/rj6yd7atkn52j8f/Screenshot%202017-06-19%2009.08.30.jpg?dl=0,15,65% (95% previous week),I don't think so,,,,,,,,,,,,,,,,,,,,,,,,,,,,,,,,,,,,,,,,,,,99,22.8,101,0.02020202,0.087719298,-0.269862326,,,,,,,,,125.6,47.7,135.4,0.07802548,0.20545073,0.08227176,,,,,,,,,"Both forms of block; ""other"" is squat maximum isometric strength"
30,No,Bartolomei,Block vs. Weekly Undulating Periodized Resistance Training Programs in Women,"Moderately Trained (min 2 years, and squatted at least once per week for the past year)",9,24.7+/-4.2,F,BP,"4 week block of 5x8-10 with 70-75%, deload week, 4 week block of 5x3-5 with 88-93%, deload week",10,93%,"Yes, roughly",48.7,3.7,49.2,0.01026694,0.135135135,,,,,,,,,,33.63,5.5,38.37,0.140945584,0.861818182,,,,,,,,,,129.9,17.5,131.6,0.01308699,0.09714286,,,85.6,32.9,96.25,0.12441589,0.32370821,,,39.4,12.6,40,0.015228426,0.047619048,,,,,,,,,,67,13.7,81.1,0.21044776,1.02919708,,,,,,,,,,"""Other"" is DL; WUP group lost slightly more fat as well, but I can't calculate BF% SDs for ESs"
,,,,,8,23.3+/-2.2,F,WUP/BP/LP,Two identical 4-week blocks going from 5x10 with 70% to 5x3 at 93% with a deload between blocks and after second block,10,93%,,46.8,5.7,47.4,0.012820513,0.105263158,0.020810764,,,,,,,,,35.05,5.4,38.96,0.111554922,0.724074074,-0.152287169,,,,,,,,,120.6,12.7,127.6,0.05804312,0.5511811,0.34664224,,94.4,19.7,119.4,0.26483051,1.26903553,0.52921773,,43.7,7.4,46.2,0.057208238,0.337837838,0.183886276,,,,,,,,,69.37,8.2,83.12,0.19821248,1.67682927,-0.0310008,,,,,,,,,"""CSA"" is Arm Muscle Area; I put thigh CSA down as fiber CSA"
31,Yes,Tammam,Comparison between Daily and Weekly Undulating Periodized Resistance Training to Increase Muscular Strength for Volleyball Players,Moderatly trained (minimum 1 year training experience),11,24.18+/-2.23,?,DUP/WUP,Alternating weeks of training with 12 and 10RM with weeks of training with 8 and 6RM,13,6RM,Yes,,,,,,,,,,,,,,,,,,,,,,,,,,,,,,,,,,,,,,,,,,,37.36,1.91,47.82,0.279978587,5.476439791,,,39.73,2.57,56,0.40951422,6.3307393,,,https://www.dropbox.com/s/kyqean4j8zlfae9/Screenshot%202017-06-19%2009.40.50.jpg?dl=0,,,,,,,,,,,,,,Unilateral training; within-subject control; single arm/leg bench and leg press in sheet
,,,,,11,,?,WUP,"12RM W 1, 5, 10, 10RM W 2, 6, 11, 8RM W 3, 8, 12, 6RM W 4, 9, 13",13,6RM,,,,,,,,,,,,,,,,,,,,,,,,,,,,,,,,,,,,,,,,,,,,36.27,2,49.82,0.373586986,6.775,1.580144116,,40.09,1.22,59.27,0.47842355,15.7213115,1.44658903,,,,,,,,,,,,,,,,Other exercises included; all favored WUP. Crossover-effect?; suspiciously small SDs/Large ESs
32,No,Franchini,"Influence of Linear and Undulating Strength Periodization on Physical Fitness, Physiological, and Performance Responses to Simulated Judo Matches",Moderately trained (at least 6 months),6,18-35yo,M,RLP/BP,"3-5RM W1-2, Power training W 3-5, 15-20RM W6-8",8,15-20RM,Yes,,,,,,,,,,,,,,,,,,,,,,,,,,,,,,,,,,,,115,18,121,0.05217391,0.33333333,,,96,11,108,0.125,1.090909091,,,,,,,,,,,,,,,,,,,,,,,,"Skinfolds, circumferences, and endurance also measured"
,,,,,7,18-35yo,M,DUP,"Mix of 3-5RM, 15-20RM, and power exercises the whole time",8,3-5RM,,,,,,,,,,,,,,,,,,,,,,,,,,,,,,,,,,,,,110,21,119,0.08181818,0.42857143,0.153393,,95,14,104,0.094736842,0.642857143,-0.238290441,,,,,,,,,,,,,,,,,,,,,,,
33,No,de Lima,Linear and Daily Undulating Resistance Training Periodizations Have Differential Beneficial Effects in Young Sedentary Women,Untrained,10,25.2+/-4.35,F,LP/BP,"3 blocks of 30RM W1, 25RM W2, 20RM W3, and 15RM W4",12,15RM,Yes,45.49,5.18,47.64,0.047263135,0.415057915,,,,,,,,,,,,,,,,,28.53,4.32,24.87,-0.128286,-0.8472222,,,,,,,,,,,,,,,,,33.8,3.33,39.7,0.174556213,1.771771772,,,164.1,26.44,243.2,0.48202316,2.99167927,,,18.6,3.24,22.8,0.22580645,1.2962963,,,,,,,,,,"""other"" is biceps curl"
,,,,,10,27.4+/-2.8,F,DUP/WUP,Alternating weeks of 30RM and 25RM with weeks of 20RM and 15RM,12,15RM,,46.21,4.87,47.83,0.035057347,0.332648871,-0.1054225,,,,,,,,,,,,,,,,24.84,3.46,22.4,-0.0982287,-0.7052023,0.31172596,,,,,,,,,,,,,,,,31,6.34,37,0.193548387,0.94637224,0.019747946,,186,41.42,257.5,0.3844086,1.72621922,-0.2187247,,18.2,4.02,23,0.26373626,1.19402985,0.16434348,,,,,,,,,
34,Yes,Apel,A comparison of Traditional and Weekly Undulating Periodized Strength Training Programs with Total Volume and Intensity Equated,Moderately trained (between 6-11 months of experience),14,23+/-2.8,M,LP/BP,First 3 weeks the same between programs; Two blocks of increasing intensity/decreasing volume past that,12,80%,Yes,,,,,,,,,,,,,,,,,,,,,,,,,,,,,,,,,,,,79.5,15,122.1,0.53584906,2.84,,,66.1,11.1,81.9,0.23903177,1.423423423,,,,,,,,,,17,5.4,20.9,0.22941176,0.72222222,,,,,,,,,,"""Other"" is DB shoulder press; Pull-down and Leg extension included as well"
,,,,,14,22+/-1.9,M,WUP,2 blocks of heaviest-lightest-medium week for each block; intensities in a tight range (73-80%) for both groups,12,78%,,,,,,,,,,,,,,,,,,,,,,,,,,,,,,,,,,,,,81.8,19,109.4,0.33740831,1.45263158,-0.8763094,,62.2,12.3,73.8,0.186495177,0.943089431,-0.358503264,,,,,,,,,16.5,5.2,19.8,0.2,0.63461538,-0.1131874,,,,,,,,,Intensity ranges were too tight to really differentiate the programs (imo)
35,No,Simão,Comparison Between Nonlinear and Linear Periodized Resistance Training: Hypertrophy and Strength Effects,Untrained (Navy; had not lifted for at least 6 months before start of study),10,29.8+/-1/9,M,LP/BP,"4 weeks 2x12-15RM, 4 weeks 3x8-10RM, 4 weeks 4x3-5RM",12,3-5RM,Yes,,,,,,,Elbow extensors,39.2,4.4,39.5,0.007653061,0.068181818,,,,,,,,,,,,,,,,,,,,,,,,,,,,,,,77.6,13.3,85.7,0.104381443,0.609022556,,,,,,,,,,,,,,,,,,,,,,,,"Study also looked at lat pulldowns, triceps extensions, and curls"
,,,,,11,30.2+/-1.1,M,LP/DUP,"Abbreviated version of group 1 (2 weeks per phase instead of 4), then DUP with the same set/rep/intensity ranges for the last 6 weeks",12,3-5RM,,,,,,,,,39.8,4.9,41.5,0.042713568,0.346938776,0.30064108,,,,,,,,,,,,,,,,,,,,,,,,,,,,,,76.1,9.9,93.1,0.223390276,1.717171717,0.759132587,,,,,,,,,,,,,,,,,,,,,,,
,,,,,,,,,,,,,,,,,,,Elbow Flexors,36.6,6,38.7,0.057377049,0.35,,,,,,,,,,,,,,,,,,,,,,,,,,,,,,,,,,,,,,,,,,,,,,,,,,,,,,,,,,,
,,,,,,,,,,,,,,,,,,,,38.4,5.8,41.9,0.091145833,0.603448276,0.23725406,,,,,,,,,,,,,,,,,,,,,,,,,,,,,,,,,,,,,,,,,,,,,,,,,,,,,,,,,,
36,No,Miranda,Effects of Linear vs. Daily Undulatory Periodized Resistance Training on Maximal and Submaximal Strength Gains,"Moderately Trained (described as ""recreationally trained, but ~5 years of experience)",10,26+/-6,M,LP/BP,"8-10RM 4 weeks, 6-8RM 4 weeks, 4-6RM 4 weeks",12,4-6RM,Yes,,,,,,,,,,,,,,,,,,,,,,,,,,,,,,,,,,,,,,,,,,,73,14.6,84,0.150684932,0.753424658,,,393,35.4,416,0.05852417,0.64971751,,,,,,,,,,,,,,,,,
,,,,,10,26.5+/-5,M,DUP,"8-10, 6-18, and 4-6RM each week",12,4-6RM,,,,,,,,,,,,,,,,,,,,,,,,,,,,,,,,,,,,,,,,,,,,86,13.9,100,0.162790698,1.007194245,0.210462843,,411,48.2,486,0.18248175,1.5560166,1.22968903,,,,,,,,,,,,,,,,
37,No,Vanni,Comparison of the effects of two resistance training regimens on muscular and bone responses in premenopausal women,,,,,,,,,,,,,,,,,,,,,,,,,,,,,,,,,,,,,,,,,,,,,,,,,,,,,,,,,,,,,,,,,,,,,,,,,,,,,,,,Only reporeted % changes. Undulating > Linear for bench (45.9% vs. 27.03%) but no other major differences
38,No,Foschini,Treatment of Obese Adolescents: The Influence of Periodization Models and ACE Genotype,,,,,,,,,,,,,,,,,,,,,,,,,,,,,,,,,,,,,,,,,,,,,,,,,,,,,,,,,,,,,,,,,,,,,,,,,,,,,,,,Slightly more LBM gained in LP; slightly more strength gained in DUP. Not coding because I don't fully trust their strength results (pre-training means unrealistically low – ~14.5kg bench press and ~47kg leg press; ~200% increase in bench strength and ~400% increase in leg press strength after 14 weeks)
39,No,Mann,The Effect of Autoregulatory Progressive Resistance Exercise vs. Linear Periodization on Strength Improvement in College Athletes,Trained,,,,,,,,,,,,,,,,,,,,,,,,,,,,,,,,,,,,,,,,,,,,,,,,,,,,,,,,,,,,,,,,,,,,,,,,,,,,,,,Not enough info about the training programs themselves; APRE (which seems non-periodized) got considerably better results than a linear periodized program over 6 weeks
40,Yes,Inoue,Linear and Undulating Strength Plus Aerobic Training Promote Similar Benefits and Lead to Improvement in Insulin Resistance on Obese Adolescents,,,,,,,,,,,,,,,,,,,,,,,,,,,,,,,,,,,,,,,,,,,,,,,,,,,,,,,,,,,,,,,,,,,,,,,,,,,,,,,,"Neat data on health effects, but strength wasn't reported; LP gained a bit more FFM and DUP lost a bit more bodyfat"
41,Yes,Ullrich,Neuromuscular Responses to 14 Weeks of Traditional and Daily Undulating Resistance Training,,,,,,,,,,,,,,,,,,,,,,,,,,,,,,,,,,,,,,,,,,,,,,,,,,,,,,,,,,,,,,,,,,,,,,,,,,,,,,,,Isometric Exercise; similar improvements in both groups in both strength and muscle thickness
42,No,Prestes,Understanding the Individual Responsiveness to resistance training periodization,Untrained Elderly Women,20,>60,F,LP/BP,"4 weeks 12-14RM, 4 weeks 10-12RM, 4 weeks 8-10RM, 4 weeks 6-8RM",16,6-8RM,Yes,34.9,4.53,34.35,-0.015759312,-0.1214128,,,,,,,,,,,,,,,,,40.62,6.39,40.01,-0.0150172,-0.0954617,,,,,,,,,,,,,,,,,23.2,5.48,26.31,0.134051724,0.567518248,,,107.6,52.85,158.42,0.47230483,0.9615894,,,15.27,2.94,17.46,0.14341847,0.74489796,,,,,,,,,,"""Other"" was biceps curls"
,,,,,19,>60,F,DUP,Cycling between those 4 RM ranges,16,6-8RM,,36.02,3.44,36.62,0.016657413,0.174418605,0.28592063,,,,,,,,,,,,,,,,42.65,6.83,42.11,-0.0126612,-0.079063,0.01058415,,,,,,,,,,,,,,,,25.02,4.93,26.38,0.054356515,0.275862069,-0.3357469,,115.68,29.61,150.35,0.29970609,1.17088821,-0.3770178,,17.11,2.37,18.05,0.05493863,0.39662447,-0.4681205,,,,,,,,,
43,Yes,Ullrich,Neuromuscular Responses to Short-Term Resistance Training with Traditional and Daily Undulating Periodization in Adolescent Elite Judoka,Trained (2.7 years average),11,~15 years old,M/F,,,,,,,,,,,,,,,,,,,,,,,,,,,,,,,,,,,,,,,,,,,,,,,,,,,,,,,,,,,,,,,,,,,,,,,,,,,,A cycle of LP followed by a cycle of DUP after washout. Too big of a confounder
44,No,Pelzer,Periodization Effects during short-term resistance training with equated exercise variables in females,Moderately Trained (~2 year average,19,22+/-1.8,F,LP/BP,"2 weeks of 3x15 with 40%, 2 weeks of 3x10 with 60%, and 2 weeks of 3x6 at 80%",6,80%,Yes,,,,,,,,1.88,0.26,2.22,0.180851064,1.307692308,,,,,,,,,,,,,,,,,,,,,,,,,,,,,,,,,,,,,,,,,,,,,,,,0.18,,,,,,,,,,,"Unilateral knee extension; within-subject design. Average increases were reported, but can't calculate ESs"
,,,,,,,,DUP,Same intensities cycled each week,6,80%,,,,,,,,,1.9,0.27,2.22,0.168421053,1.185185185,-0.07545827,,,,,,,,,,,,,,,,,,,,,,,,,,,,,,,,,,,,,,,,,,,,,,,0.24,,,,,,,,,,,
45,No,Conlon,Periodization Strategies in Older Adults: Impact on Physical Function and Health,Untrained,,70.4+/-6.1,M/F,NP,3x10RM,31,10RM,Yes,45.8,13.2,49.1,0.072052402,0.25,,,,,,,,,,,,,,,,,34.8,7.1,30.5,-0.1235632,-0.6056338,,,,,,,,,,,,,,,,,,,,,,,,92.9,29.1,132.2,0.42303552,1.35051546,,,32.4,14.9,40.5,0.25,0.54362416,,,,,,,,,,DUP group the strongest to start with
,,,,,,71.8+/-5.4,M/F,BP,"11 sessions of 3x15RM, 11 sessions of 3x10RM, 11 sessions of 3x5RM, then repeat",31,5RM,,44.9,8.2,47.4,0.055679287,0.304878049,-0.07280554,,,,,,,,,,,,,,,,35.7,6.8,32.7,-0.0840336,-0.4411765,0.18700681,,,,,,,,,,,,,,,,,,,,,,,94,28.4,146.8,0.56170213,1.85915493,0.46953043,,27.3,11,37.5,0.37362637,0.92727273,0.16035441,,,,,,,,,
,,,,,,71.2+/-4.2,M/F,DUP,"Cycling through 3x15RM, 3x10RM, and 3x5RM",31,5RM,,50.1,10,53.9,0.075848303,0.38,0.142163554,0.042699187,,,,,,,,,,,,,,,31.5,6,27.4,-0.1301587,-0.6833333,-0.1715403,0.03042727,,,,,,,,,,,,,,,,,,,,,,121,40.2,170.8,0.41157025,1.23880597,-0.0861976,0.29921635,35.8,14.6,44.5,0.24301676,0.59589041,-0.1160457,0.04067586,,,,,,,,
46,No,Loturco,Traditional Periodization versus Optimum Training Load Applied to Soccer Players: Effects on Neuromuscular Abilities,,,,,,,,,,,,,,,,,,,,,,,,,,,,,,,,,,,,,,,,,,,,,,,,,,,,,,,,,,,,,,,,,,,,,,,,,,,,,,,,"Different exercises (half squats for 2/3 of the study for one group, and all jump squats for the other); similar strength gains in periodized and non-periodized groups"
47,No,Schoenfeld,Effects of Varied Versus Constant Loading Zones on Muscular Adaptations in Trained Men,Trained,9,23.9+/-3.2,M,NP,10RM all sessions,8,10RM,Roughly,,,,,,,Elbow flexors,46.1,4.9,48.4,0.04989154,0.469387755,,,,,,,,,,,,,,,,,,,,,,,,116.2,12.6,140.1,0.20567986,1.8968254,,,110.1,8,118.5,0.076294278,1.05,,,,,,,,,,,,,,,,,,,,,,,,
,,,,,10,23.3+/-2.9,M,DUP,"Cycling between 3RM, 10RM, and 25RM",8,3RM,,,,,,,,,44.1,3,47,0.065759637,0.966666667,0.147687414,,,,,,,,,,,,,,,,,,,,,,,125.5,20,150.7,0.20079681,1.26,0.07777602,,98.6,17.2,110.2,0.117647059,0.674418605,0.238566938,,,,,,,,,,,,,,,,,,,,,,,
,,,,,,,,,,,,,,,,,,,Triceps,50.5,4.7,52.6,0.041584158,0.446808511,,,,,,,,,,,,,,,,,,,,,,,,,,,,,,,,,,,,,,,,,,,,,,,,,,,,,,,,,,,
,,,,,,,,,,,,,,,,,,,,50.2,4.1,53.4,0.06374502,0.780487805,0.249420923,,,,,,,,,,,,,,,,,,,,,,,,,,,,,,,,,,,,,,,,,,,,,,,,,,,,,,,,,,
,,,,,,,,,,,,,,,,,,,Vastus Lateralis,55.9,4.6,60.7,0.085867621,1.043478261,,,,,,,,,,,,,,,,,,,,,,,,,,,,,,,,,,,,,,,,,,,,,,,,,,,,,,,,,,,
,,,,,,,,,,,,,,,,,,,,58.9,3.6,63.4,0.076400679,1.25,-0.07263263,,,,,,,,,,,,,,,,,,,,,,,,,,,,,,,,,,,,,,,,,,,,,,,,,,,,,,,,,,
48,No,Fink,"Impact of high versus low fixed loads and non-linear training loads on muscle hypertrophy, strength, and force development",Gymnasts,7,23.4+/-3,M,NP,80%,8,80%,Sets,,,,,,,,,,,,,,,9.7,1.6,10.6,0.092783505,0.5625,,,,,,,,,,,,,,,,,,,,,,,,,,,,,,,,,,,,,,61.5,6.5,77.8,0.26504065,2.50769231,,,,,,,,,,"""Other"" is biceps MVC"
,,,,,7,23.1+/-2.4,M,NP,30%,8,30%,,,,,,,,,,,,,,,,9.7,1.1,10.7,0.103092784,0.909090909,0.072835704,,,,,,,,,,,,,,,,,,,,,,,,,,,,,,,,,,,,,68.4,23.5,71.5,0.04532164,0.13191489,-0.7656195,,,,,,,,,
,,,,,7,23+/-3.1,M,WUP?,Going between 80% and 30% every 2 weeks,8,30%,,,,,,,,,,,,,,,,10.3,1.8,11.2,0.087378641,0.5,-0.067040152,-1.04E-15,,,,,,,,,,,,,,,,,,,,,,,,,,,,,,,,,,,,67.4,15,75.3,0.11721068,0.52666667,0.24348705,-0.726667,,,,,,,,
49,No,Varela-Sanz,Does Concurrent Training Intensity Distribution Matter?,,,,,,,,,,,,,,,,,,,,,,,,,,,,,,,,,,,,,,,,,,,,,,,,,,,,,,,,,,,,,,,,,,,,,,,,,,,,,,,,Similar strength gains DUP (5RM and 15RM) vs. NP (10-12RM). Counfounder is different cardio programs
50,No,Bartolomei,Comparison of Block versus Weekly Undulating Periodization Models on Endocrine and Strength Changes in Male Athletes,"Trained (wrestlers, rugby players, and throwers)",10,23.7+/-2.9,M,BP,"4 weeks of 65-75% focused on hypertrophy, 4 weeks of 85-95% focused on sterngth, and 4 weeks of 50-65% focused on power. Deload every 5th week",15,65 (95% 5 weeks out),I think,71.98,7.6,73.78,0.025006946,0.236842105,,,,,,,,,,,,,,,,,0.096284208,,0.08936065,-0.0719075,,,,,,,,,,,,,,,,,,107,18.8,115,0.074766355,0.425531915,,,,,,,,,,141.7,32.1,146.9,0.03669725,0.16199377,,,,,,,,,,"""Other"" is squat isometric strength"
,,,,,8,26+/-5.7,M,WUP/LP/BP,"W1 sets of 8-10 with 65-75%, W2 sets of 5-6 with 75-85%, week 3 sets of 3-4 with 85-95%, week 4 power training with 50-60%",15,60% (95% 2? Weeks out),,69.4,8.8,70.61,0.017435159,0.1375,-0.07175938,,,,,,,,,,,,,,,,0.120167322,,0.11081728,-0.0778085,,,,,,,,,,,,,,,,,,97.5,17.5,98.75,0.012820513,0.071428571,-0.371662565,,,,,,,,,117.98,30.2,129.95,0.10145787,0.39635762,0.21723447,,,,,,,,,"FM also provided, but not SD for BF% so can't calculate ES"
51,No,Harris,"Short-term Performance Effects of High Power, High Force, or Combined Weight-Training Methods",Trained (minimum 1.4x bodyweight squat),13,,M,NP,Sets of 5 at 80% (high force),9,80,No,76.1985,,77.3214,0.014736511,,,,,,,,,,,,,,,,,,13.9,1.7,13.8,-0.0071942,-0.0588235,,,,,,,,,,132,7,145,0.09848485,1.85714286,,,,,,,,,,,,,,,,,251,12,336,0.33864542,7.08333333,,,184,5,246,0.33695652,12.4,,,"""Others"" are quarter squat and mid thigh pull, respectively"
,,,,,16,,M,NP,Sets of 5 at 30-45% (high power),9,45,no,75.5898,,74.6327,-0.012661761,,,,,,,,,,,,,,,,,,14.2,0.8,14.9,0.04929577,0.875,0.60216794,,,,,,,,,138,11,143,0.03623188,0.45454545,-0.8677218,,,,,,,,,,,,,,,,258,11,298,0.15503876,3.63636364,-3.9093502,,195,7,239,0.22564103,6.28571429,-2.9591818,,
,,,,,13,,M,DUP,Alternating between the high force and high power approaches,9,80,no,76.2892,,77.0803,0.010369751,,,,,,,,,,,,,,,,,,11.6,1.6,11.3,-0.0258621,-0.1875,-0.7905694,-0.1211565,,,,,,,,146,14,163,0.11643836,1.21428571,0.95316176,0.36140316,,,,,,,,,,,,,,,239,14,329,0.37656904,6.42857143,3.97150735,0.38348249,188,6,263,0.39893617,12.5,4.75518293,2.3539294,
52,,Conlon,The efficacy of periodized resistance training on neuromuscular adaptation in older adults,"Elderly; similar results from non-periodized, block periodization, and DUP",,,,,,,,,,,,,,,,,,,,,,,,,,,,,,,,,,,,,,,,,,,,,,,,,,,,,,,,,,,,,,,,,,,,,,,,,,,,,,,
,,,,,,,,,,,,,,,,,,,,,,,,,,,,,,,,,,,,,,,,,,,,,,,,,,,,,,,,,,,,,,,,,,,,,,,,,,,,,,,,,,,
,,,,,,,,,,,,,,,,,,,,,,,,,,,,,,,,,,,,,,,,,,,,,,,,,,,,,,,,,,,,,,,,,,,,,,,,,,,,,,,,,,,
53,,Harries,Comparison of resistance training progression models on maximal strength in sub-elite adolescent rugby union players,Subelite adolescent rugby players,8,16.8,M,LP,Increase from 75% to 90% over 6 weeks in small increments x2,12,90,essentially,43.1,7,44,0.020881671,0.128571429,Note: larger increases in LBM in control group,,,,,,,,,,,,,,,,15.5,6.3,15.3,-0.0129032,-0.031746,,,,,,,,,,127.9,26.4,171.2,0.33854574,1.64015152,,,87.9,16.9,97.5,0.109215017,0.568047337,,,,,,,,,,,,,,,,,,,,,,,,
,,,,,8,17,M,DUP,Increase from 75/86% to 83/90% x2,12,90,,42,6.8,42.4,0.00952381,0.058823529,-0.07245616,,,,,,,,,,,,,,,,12.2,3.4,12.2,0,0,0.03950918,,,,,,,,,123,23.5,177.8,0.44552846,2.33191489,0.46014543,,88.9,22,95.7,0.076490439,0.309090909,-0.142737366,,,,,,,,,,,,,,,,,,,,,,,
54,,Spineti,The effects of exercise order and periodized resistance training on maximum strength and muscle thickness,Men in brazillian Navy; untrained for at least 6 months,10,29.8,M,LP Large muscles first,,12,3-5RM,yes (reps),,,,,,,,,,,,,,,,,,,,,,,,,,,,,,,,,,,,,,,,,,,77.9,13.2,85.8,0.101412067,0.598484848,,,,,,,,,,,,,,,,,,,,,,,,"Pull-downs, triceps, and biceps also included"
,,,,,11,30.2,M,UP Large muscles first,,12,3-5RM,,,,,,,,,,,,,,,,,,,,,,,,,,,,,,,,,,,,,,,,,,,,76.2,9.8,93.2,0.223097113,1.734693878,0.782797509,,,,,,,,,,,,,,,,,,,,,,,
55,,Spineti,The effects of exercise order and periodized resistance training on maximum strength and muscle thickness,Men in brazillian Navy; untrained for at least 6 months,13,29.2,M,LP Small muscles first,,12,3-5RM,yes (reps),,,,,,,,,,,,,,,,,,,,,,,,,,,,,,,,,,,,,,,,,,,69.6,13.3,77.4,0.112068966,0.586466165,,,,,,,,,,,,,,,,,,,,,,,,"Pull-downs, triceps, and biceps also included"
,,,,,10,30.5,M,UP Small muscles first,,12,3-5RM,,,,,,,,,,,,,,,,,,,,,,,,,,,,,,,,,,,,,,,,,,,,69.6,13.2,84.3,0.211206897,1.113636364,0.520751009,,,,,,,,,,,,,,,,,,,,,,,
56,,Spineti,Comparison between different periodization models on muscular strength and thickness in a muscle group increasing sequence,,,,,,,,,,,,,,,,,,,,,,,,,,,,,,,,,,,,,,,,,,,,,,,,,,,,,,,,,,,,,,,,,,,,,,,,,,,,,,,,
,,Same data as the study above,,,,,,,,,,,,,,,,,,,,,,,,,,,,,,,,,,,,,,,,,,,,,,,,,,,,,,,,,,,,,,,,,,,,,,,,,,,,,,,,,
57,,Painter,Strength gains: block versus daily undulating periodization weight training among track and field athletes.,"No differences, but similar outcomes with less volume for block",,,,,,,,,,,,,,,,,,,,,,,,,,,,,,,,,,,,,,,,,,,,,,,,,,,,,,,,,,,,,,,,,,,,,,,,,,,,,,,
58,,Marques,Training and detraining effects on strength parameters in young volleyball players: Volume distribution implications,Another language,,,,,,,,,,,,,,,,,,,,,,,,,,,,,,,,,,,,,,,,,,,,,,,,,,,,,,,,,,,,,,,,,,,,,,,,,,,,,,,
59,,Caldwell,A comparison of linear and daily undulating periodized strength training programs,Masters Thesis,,,,,,,,,,,,,,,,,,,,,,,,,,,,,,,,,,,,,,,,,,,,,,,,,,,,,,,,,,,,,,,,,,,,,,,,,,,,,,,
60,,Kok,Comparing linear and undulating periodisation for improving and maintaining muscular strength qualities in women,Dissertation (same data as other Kok study),,,,,,,,,,,,,,,,,,,,,,,,,,,,,,,,,,,,,,,,,,,,,,,,,,,,,,,,,,,,,,,,,,,,,,,,,,,,,,,